username,first_name,last_name,email,password
mmurillo,Michael,Cortez,nicole19@example.com,z2dVUYu3)v
jessicaescobar,Michael,Hopkins,mmorris@example.com,%&cCGKouM8
myersrobert,Eric,Diaz,meganpatel@example.org,*3LAyZ*ky8
chill,Ronald,Lynch,kara37@example.com,^P1iOYa7uH
john95,Charles,Edwards,johnsanders@example.org,^3MmaN4d!z
heather48,Jill,Hill,hallkatherine@example.com,s!5U1ekSBK
ramirezdarryl,Anthony,Christian,kennedyjason@example.com,AOzLa!#b_4
dennisjoshua,Maria,Gutierrez,hkennedy@example.net,!PEzAnop!5
brianthomas,Morgan,Robles,zdelacruz@example.net,(PvldLkd10
kaufmandanielle,Colleen,Manning,joshuawhite@example.org,eYPv57tt)!
